,City,Lat,Lng,Max Temp,Humidity,Cloudiness,Wind Speed,Country,Date
0,Lorengau,-2.0226,147.2712,83.61,73,64,9.1,PG,1628467286
1,Ushuaia,-54.8,-68.3,40.66,70,40,3.44,AR,1628467131
2,Busselton,-33.65,115.3333,53.1,62,100,20.85,AU,1628467374
3,Hilo,19.7297,-155.09,80.26,88,22,1.01,US,1628467374
4,Antalaha,-14.9003,50.2788,65.79,87,31,5.75,MG,1628467375
5,Waingapu,-9.6567,120.2641,78.49,63,68,10.94,ID,1628467285
6,Carnarvon,-24.8667,113.6333,67.46,76,36,12.48,AU,1628467375
7,Namatanai,-3.6667,152.4333,83.64,68,59,6.93,PG,1628466996
8,Avarua,-21.2078,-159.775,78.85,69,20,12.66,CK,1628467376
9,Lorengau,-2.0226,147.2712,83.61,73,64,9.1,PG,1628467286
10,Ushuaia,-54.8,-68.3,40.66,70,40,3.44,AR,1628467131
11,Busselton,-33.65,115.3333,53.1,62,100,20.85,AU,1628467374
12,Hilo,19.7297,-155.09,80.26,88,22,1.01,US,1628467374
13,Antalaha,-14.9003,50.2788,65.79,87,31,5.75,MG,1628467375
14,Waingapu,-9.6567,120.2641,78.49,63,68,10.94,ID,1628467285
15,Carnarvon,-24.8667,113.6333,67.46,76,36,12.48,AU,1628467375
16,Namatanai,-3.6667,152.4333,83.64,68,59,6.93,PG,1628466996
17,Avarua,-21.2078,-159.775,78.85,69,20,12.66,CK,1628467376
18,Ushuaia,-54.8,-68.3,40.66,70,40,3.44,AR,1628467131
19,Busselton,-33.65,115.3333,53.1,62,100,20.85,AU,1628467374
20,Hilo,19.7297,-155.09,80.26,88,22,1.01,US,1628467374
21,Antalaha,-14.9003,50.2788,65.79,87,31,5.75,MG,1628467375
22,Waingapu,-9.6567,120.2641,78.49,63,68,10.94,ID,1628467285
23,Carnarvon,-24.8667,113.6333,67.46,76,36,12.48,AU,1628467375
24,Namatanai,-3.6667,152.4333,83.64,68,59,6.93,PG,1628466996
25,Avarua,-21.2078,-159.775,78.85,69,20,12.66,CK,1628467376
26,Lorengau,-2.0226,147.2712,83.61,73,64,9.1,PG,1628467286
27,Bluff,-46.6,168.3333,39.79,82,96,15.9,NZ,1628467363
28,Tuatapere,-46.1333,167.6833,39.81,94,98,5.06,NZ,1628467424
29,Frei Paulo,-10.5494,-37.5344,62.44,86,79,3.83,BR,1628467479
30,Rikitea,-23.1203,-134.9692,74.43,76,1,11.83,PF,1628467479
31,Morococha,-11.5997,-76.1411,40.73,60,73,4.7,PE,1628467480
32,Mudgee,-32.5943,149.5871,54.63,77,100,5.86,AU,1628467362
33,Ābādān,30.3392,48.3043,98.91,9,0,9.89,IR,1628467480
34,Albany,42.6001,-73.9662,78.78,74,22,5.41,US,1628467338
35,Requena,39.4883,-1.1004,68.7,88,98,6.33,ES,1628467481
36,Ribeira Grande,38.5167,-28.7,72.86,87,53,16.15,PT,1628467481
37,George Town,5.4112,100.3354,81.9,84,20,0.0,MY,1628467219
38,Colac,-38.3333,143.5833,50.16,72,92,7.56,AU,1628467481
39,Tuktoyaktuk,69.4541,-133.0374,45.19,76,69,11.3,CA,1628467481
40,Lebu,-37.6167,-73.65,44.29,83,5,4.7,CL,1628467482
41,Tambun,-6.2641,107.0712,80.49,94,20,3.44,ID,1628467482
42,Fort-Shevchenko,44.5086,50.263,89.08,35,86,5.53,KZ,1628467483
43,Ancud,-41.8697,-73.8203,43.43,85,13,4.32,CL,1628467470
44,Sirte,31.2089,16.5887,80.44,74,0,12.28,LY,1628467210
45,Chui,-33.6971,-53.4616,57.13,96,98,11.21,UY,1628467343
46,Punta Arenas,-53.15,-70.9167,42.94,71,98,22.41,CL,1628467357
47,Atuona,-9.8,-139.0333,77.68,79,23,21.27,PF,1628467483
48,Bethel,41.3712,-73.414,76.08,82,90,6.91,US,1628467483
49,Iguape,-24.7081,-47.5553,62.55,91,3,5.08,BR,1628467330
50,Padang,-0.9492,100.3543,78.17,85,82,3.76,ID,1628467224
51,Hong Kong,22.2855,114.1577,85.32,89,100,9.6,HK,1628467484
52,Usinsk,65.9939,57.5281,43.9,93,22,8.39,RU,1628467092
53,Jamestown,42.097,-79.2353,78.19,74,74,1.99,US,1628467237
54,Kungurtug,50.5994,97.5228,54.55,73,16,0.69,RU,1628467484
55,Chokurdakh,70.6333,147.9167,67.84,40,64,14.85,RU,1628467485
56,Port Alfred,-33.5906,26.891,59.0,84,47,13.4,ZA,1628467485
57,Hokitika,-42.7167,170.9667,43.79,59,1,2.68,NZ,1628467093
58,Puerto Ayora,-0.7393,-90.3518,70.56,88,43,5.99,EC,1628467486
59,Katsuura,35.1333,140.3,86.11,88,88,26.44,JP,1628467483
60,Port Elizabeth,-33.918,25.5701,53.1,84,93,9.01,ZA,1628467289
61,Upernavik,72.7868,-56.1549,41.16,85,99,3.51,GL,1628467399
62,Canora,51.6333,-102.4343,77.68,24,46,17.69,CA,1628467487
63,Cape Town,-33.9258,18.4232,54.1,90,100,3.0,ZA,1628467487
64,Menongue,-14.6585,17.691,53.96,25,26,5.17,AO,1628467094
65,Narsaq,60.9167,-46.05,44.82,78,10,5.39,GL,1628467488
66,Dikson,73.5069,80.5464,41.59,98,2,7.85,RU,1628467488
67,Ürümqi,43.801,87.6005,72.55,38,0,6.71,CN,1628467434
68,Vardø,70.3705,31.1107,55.0,78,6,6.98,NO,1628467431
69,Baharly,38.4362,57.4316,86.04,19,0,4.61,TM,1628467365
70,Sechura,-5.5569,-80.8222,66.74,69,5,17.31,PE,1628467489
71,Bengkulu,-3.8004,102.2655,76.37,87,62,3.98,ID,1628467375
72,Anadyr,64.75,177.4833,57.7,58,40,13.42,RU,1628467242
73,Hermanus,-34.4187,19.2345,52.9,79,100,14.32,ZA,1628467393
74,Cherskiy,68.75,161.3,61.86,31,40,3.06,RU,1628467234
75,Havre-St-Pierre,50.2334,-63.5986,59.36,67,1,6.91,CA,1628467095
76,Butaritari,3.0707,172.7902,83.75,60,46,11.32,KI,1628467489
77,Isangel,-19.55,169.2667,72.57,64,100,15.46,VU,1628467490
78,Mahébourg,-20.4081,57.7,67.24,89,99,19.95,MU,1628467490
79,Bambous Virieux,-20.3428,57.7575,68.25,94,75,3.44,MU,1628467096
80,New Norfolk,-42.7826,147.0587,53.92,78,40,1.01,AU,1628467345
81,Alofi,-19.0595,-169.9187,76.01,85,95,11.07,NU,1628467406
82,Mataura,-46.1927,168.8643,39.47,97,91,5.5,NZ,1628467491
83,Vidalia,32.2177,-82.4135,86.0,74,1,0.0,US,1628467491
84,Nikolskoye,59.7035,30.7861,63.01,97,99,4.92,RU,1628467351
85,East London,-33.0153,27.9116,62.91,75,32,15.79,ZA,1628467492
86,Lavrentiya,65.5833,-171.0,48.51,67,42,14.99,RU,1628467492
87,Solano,38.2333,-121.9511,95.95,48,1,9.22,US,1628467492
88,Saravan,39.7196,45.6483,65.05,52,59,7.74,AM,1628467493
89,Pimentel,-6.8367,-79.9342,66.49,80,0,5.01,PE,1628467097
90,Thompson,55.7435,-97.8558,65.39,69,99,8.66,CA,1628467355
91,Vestmannaeyjar,63.4427,-20.2734,56.16,80,87,7.58,IS,1628467493
92,Aspindza,41.5739,43.2483,61.2,89,54,3.83,GE,1628467494
93,Saint George,37.1041,-113.5841,104.47,8,1,5.01,US,1628467494
94,Adrar,20.5022,-10.0711,86.95,20,9,10.8,MR,1628467349
95,Kapaa,22.0752,-159.319,84.18,68,47,5.01,US,1628467415
96,Khatanga,71.9667,102.5,53.06,74,100,11.72,RU,1628467341
97,Banda Aceh,5.5577,95.3222,79.54,83,81,8.03,ID,1628467098
98,Seydi,39.4816,62.9137,80.35,21,0,11.83,TM,1628467495
99,Kruisfontein,-34.0033,24.7314,50.88,86,100,7.45,ZA,1628467301
100,Saint Paul Harbor,57.79,-152.4072,59.56,59,59,11.07,US,1628467004
101,Leningradskiy,69.3833,178.4167,40.55,75,28,18.16,RU,1628467495
102,São Luiz Gonzaga,-28.4083,-54.9608,66.2,65,16,7.74,BR,1628467461
103,Ostrovnoy,68.0531,39.5131,49.24,79,0,8.19,RU,1628467099
104,Gōtsuchō,35.0,132.2167,75.34,95,100,31.43,JP,1628467496
105,Praia,14.9215,-23.5087,79.34,89,20,4.61,CV,1628466893
106,Saskylakh,71.9167,114.0833,60.62,60,100,6.31,RU,1628467445
107,Souillac,-20.5167,57.5167,67.35,88,100,16.75,MU,1628467476
108,Zamora,-4.0692,-78.9567,67.59,88,36,1.32,EC,1628467496
109,Panama City,8.9936,-79.5197,78.17,99,100,4.41,PA,1628467331
110,Diu,20.7141,70.9822,79.81,81,100,6.93,IN,1628467497
111,Rolla,37.9514,-91.7713,73.24,87,100,5.99,US,1628467257
112,Sittwe,20.15,92.9,80.28,87,100,1.57,MM,1628467497
113,Pulandian,39.3953,121.9669,78.93,67,100,2.77,CN,1628467497
114,Torbay,47.6666,-52.7314,55.58,93,90,14.97,CA,1628467398
115,Kavieng,-2.5744,150.7967,83.86,69,93,10.98,PG,1628467498
116,Ulladulla,-35.35,150.4667,56.88,60,99,5.7,AU,1628467498
117,Mossamedes,-15.1961,12.1522,62.83,81,45,5.88,AO,1628467498
118,Yulara,-25.2406,130.9889,48.04,43,0,5.75,AU,1628467101
119,Norman Wells,65.282,-126.8329,54.43,59,98,7.09,CA,1628467499
120,Vaini,-21.2,-175.2,75.36,73,75,4.61,TO,1628467499
121,Kuril'sk,45.2333,147.8833,52.9,87,100,15.5,RU,1628467499
122,Zeya,53.75,127.2667,59.32,63,66,8.41,RU,1628467500
123,Igarka,67.4667,86.5833,57.65,68,2,0.34,RU,1628467500
124,San Andrés,12.5847,-81.7006,81.64,81,100,17.11,CO,1628467500
125,Tasiilaq,65.6145,-37.6368,46.56,94,100,21.12,GL,1628467501
126,Batticaloa,7.7102,81.6924,78.6,81,100,3.53,LK,1628467501
127,Katobu,-4.9408,122.5276,78.82,77,82,4.5,ID,1628466900
128,Santa Lucía,27.9117,-15.5407,63.77,73,20,20.71,ES,1628467501
129,Shache,38.4167,77.2406,73.27,45,100,5.77,CN,1628467383
130,Ust-Maya,60.4167,134.5333,69.78,37,83,5.21,RU,1628467503
131,Hithadhoo,-0.6,73.0833,79.95,76,98,4.59,MV,1628467504
132,Itaituba,-4.2761,-55.9836,85.41,39,59,1.07,BR,1628467504
133,Evensk,61.95,159.2333,63.84,45,25,11.63,RU,1628467505
134,Necochea,-38.5473,-58.7368,46.04,72,100,6.04,AR,1628467505
135,Gunjur,13.2019,-16.7339,79.66,83,94,12.44,GM,1628467505
136,Hobyo,5.3505,48.5268,76.3,86,47,22.77,SO,1628467506
137,Aklavik,68.2191,-135.0107,59.81,41,11,4.12,CA,1628467506
138,Codrington,-38.2667,141.9667,52.68,72,98,13.65,AU,1628467103
139,Las Vegas,36.175,-115.1372,107.55,6,0,10.0,US,1628467210
140,São Mateus,-18.7161,-39.8589,66.38,84,5,3.83,BR,1628467349
141,Lodwar,3.1191,35.5973,82.53,52,94,16.17,KE,1628467423
142,Argostoli,38.1811,20.489,76.93,68,0,5.28,GR,1628467454
143,Progreso,21.2833,-89.6667,78.91,78,27,19.19,MX,1628467507
144,Santa Cruz Cabrália,-16.2781,-39.0247,70.47,82,86,8.68,BR,1628467507
145,Owando,-0.4819,15.8999,71.28,85,40,3.36,CG,1628467507
146,Okha,53.5739,142.9478,60.49,57,8,2.64,RU,1628467508
147,Cidreira,-30.1811,-50.2056,60.22,91,1,10.69,BR,1628467508
148,Katima Mulilo,-17.5,24.2667,58.48,37,0,4.83,NA,1628467508
149,Hobart,-42.8794,147.3294,53.26,72,40,3.0,AU,1628467216
150,Dhidhdhoo,6.8833,73.1,82.17,73,98,15.68,MV,1628467509
151,Kalemie,-5.9475,29.1947,72.79,48,52,3.11,CD,1628467509
152,Alihe,50.5667,123.7167,58.17,99,100,5.28,CN,1628467509
153,Matara,5.9485,80.5353,76.41,91,95,8.7,LK,1628467105
154,Oistins,13.0667,-59.5333,80.98,75,100,19.93,BB,1628467510
155,Cayenne,4.9333,-52.3333,82.09,83,0,5.01,GF,1628467015
156,Te Anau,-45.4167,167.7167,38.3,85,70,2.84,NZ,1628467510
157,Tongliao,43.6125,122.2653,76.95,59,88,6.04,CN,1628467510
158,Cabo San Lucas,22.8909,-109.9124,91.06,71,40,1.99,MX,1628467511
159,Iqaluit,63.7506,-68.5145,42.75,89,100,9.73,CA,1628467401
160,Laas,46.6166,10.7002,58.62,90,29,1.77,IT,1628467511
161,Sørland,67.667,12.6934,56.89,86,70,9.62,NO,1628467512
162,Nanzhou,29.3596,112.4024,79.92,93,100,6.31,CN,1628467512
163,Kutum,14.2,24.6667,68.65,77,60,10.94,SD,1628467466
164,Qorveh,35.1664,47.8045,67.19,40,15,1.43,IR,1628467512
165,Prince Rupert,54.3161,-130.3201,62.69,82,1,5.75,CA,1628467107
166,Guerrero Negro,27.9769,-114.0611,76.71,65,4,16.06,MX,1628467513
167,Naryan-Mar,67.6713,53.087,44.06,93,3,2.91,RU,1628467513
168,Udachny,66.4167,112.4,59.05,71,48,1.61,RU,1628467514
169,Atar,20.5169,-13.0499,93.45,26,9,3.06,MR,1628467487
170,Dakar,14.6937,-17.4441,74.28,80,32,14.25,SN,1628467514
171,Saint-François,46.4154,3.9054,57.18,98,0,3.44,FR,1628467515
172,Brae,60.3964,-1.353,57.11,91,100,7.43,GB,1628467023
173,Yangjiang,21.85,111.9667,84.02,83,98,2.48,CN,1628467515
174,Moerai,-22.4333,-151.3333,72.73,74,12,9.1,PF,1628467515
175,Tokat,40.4167,36.5833,55.98,97,98,4.03,TR,1628467515
176,Morant Bay,17.8815,-76.4093,83.66,81,7,8.5,JM,1628467516
177,Kirensk,57.7853,108.1119,60.49,63,71,1.97,RU,1628467516
178,Xinzhou,38.4092,112.7333,68.45,82,1,1.66,CN,1628467516
179,St. George's,12.0564,-61.7485,80.74,79,100,12.48,GD,1628467517
180,Barra de Tecoanapa,16.5167,-98.75,81.99,83,30,6.71,MX,1628467517
181,Araouane,18.9048,-3.5265,95.92,27,39,15.01,ML,1628467517
182,Masvingo,-20.0637,30.8277,54.09,62,0,3.09,ZW,1628467518
183,Aksarka,66.5606,67.7975,51.49,68,100,9.37,RU,1628467518
184,Ilulissat,69.2167,-51.1,44.62,81,75,4.61,GL,1628467284
185,Sioux Lookout,50.1001,-91.917,77.52,54,7,5.48,CA,1628467518
186,Talnakh,69.4865,88.3972,62.76,58,1,3.13,RU,1628467379
187,Nadvoitsy,63.8667,34.3167,53.44,97,100,5.95,RU,1628467519
188,Pringsewu,-5.3582,104.9744,75.02,94,75,0.43,ID,1628467519
189,Nieuw Amsterdam,5.8833,-55.0833,78.03,91,98,7.52,SR,1628467519
190,Lieksa,63.3167,30.0167,58.33,97,100,8.39,FI,1628467520
191,Kaohsiung City,22.6163,120.3133,82.35,97,75,1.01,TW,1628467495
192,Suntar,62.1444,117.6319,65.19,85,87,2.24,RU,1628467520
193,Bilibino,68.0546,166.4372,61.34,31,75,1.43,RU,1628467521
194,Pevek,69.7008,170.3133,37.54,81,27,10.87,RU,1628467356
195,Hazaribagh,23.9833,85.35,74.57,88,77,2.91,IN,1628467522
196,Severo-Kuril'sk,50.6789,156.125,56.34,84,62,12.26,RU,1628467231
197,Rovnoye,50.7765,46.0509,77.05,42,100,11.52,RU,1628467522
198,Polkowice,51.5039,16.0726,60.62,79,81,7.05,PL,1628467523
199,Biltine,14.5333,20.9167,75.81,79,100,9.51,TD,1628467523
200,Tiksi,71.6872,128.8694,51.08,71,62,4.29,RU,1628467523
201,Marsá Maţrūḩ,31.3525,27.2453,78.01,65,0,9.89,EG,1628467523
202,Sitka,57.0531,-135.33,60.66,78,100,8.46,US,1628467350
203,Salta,-24.7859,-65.4117,65.57,48,18,1.99,AR,1628467524
204,Wagar,16.1525,36.2032,81.68,69,93,11.45,SD,1628467524
205,Zhuanghe,39.7008,122.9911,76.93,81,84,8.3,CN,1628467524
206,San Cristobal,7.7669,-72.225,66.83,98,93,1.95,VE,1628467450
207,Kropotkin,45.4375,40.5756,73.51,81,100,6.6,RU,1628467526
208,Touros,-5.1989,-35.4608,75.65,83,35,14.7,BR,1628467299
209,Wau,7.7029,27.9953,70.5,95,100,1.61,SS,1628467526
210,Bakel,14.905,-12.4568,79.21,83,92,11.5,SN,1628467527
211,Māngrol,21.1167,70.1167,81.23,77,100,9.89,IN,1628467366
212,Yaan,7.3833,8.5667,71.49,93,95,8.14,NG,1628467112
213,Clyde River,70.4692,-68.5914,45.09,62,100,8.72,CA,1628467527
214,Bathsheba,13.2167,-59.5167,81.23,76,100,19.39,BB,1628467527
215,Hattiesburg,31.3271,-89.2903,91.72,79,1,5.75,US,1628467520
216,São Filipe,14.8961,-24.4956,78.94,85,28,2.77,CV,1628467528
217,Sarkand,45.41,79.9186,73.02,30,13,11.12,KZ,1628467528
218,Kampot,10.6167,104.1833,84.25,85,88,7.25,KH,1628467528
219,Saint-Philippe,-21.3585,55.7679,68.22,88,41,8.81,RE,1628467364
220,Solwezi,-12.1688,26.3894,56.25,42,0,3.67,ZM,1628467529
221,Puerto Cabezas,14.0351,-83.3888,78.71,84,100,8.01,NI,1628467529
222,Pedro II,-4.4247,-41.4586,79.09,38,96,3.6,BR,1628467529
223,Caucaia,-3.7361,-38.6531,80.04,76,28,10.63,BR,1628467382
224,Manama,26.2154,50.5832,95.34,66,1,5.75,BH,1628467530
225,Krasnosel'kup,65.7,82.4667,56.59,69,13,9.69,RU,1628467530
226,Gaffney,35.0718,-81.6498,86.29,61,16,2.57,US,1628467531
227,Tocopilla,-22.092,-70.1979,62.06,65,75,13.27,CL,1628467531
228,Kiryat Gat,31.61,34.7642,80.4,80,0,2.13,IL,1628467114
229,Port Blair,11.6667,92.75,81.81,84,100,10.42,IN,1628467531
230,Xingtai,37.0631,114.4942,75.36,88,66,0.89,CN,1628467531
231,Ponta do Sol,32.6667,-17.1,70.43,76,29,3.49,PT,1628467379
232,Barrow,71.2906,-156.7887,39.22,86,90,11.5,US,1628467356
233,Castro,-24.7911,-50.0119,60.8,59,97,4.52,BR,1628467532
234,Coyhaique,-45.5752,-72.0662,32.41,95,31,4.09,CL,1628467416
235,Lahat,-3.8,103.5333,74.77,83,33,1.86,ID,1628467532
236,Yellowknife,62.456,-114.3525,54.82,48,80,10.65,CA,1628467533
237,Constitución,-35.3333,-72.4167,48.25,72,100,2.62,CL,1628467533
238,Coolum Beach,-26.5333,153.1,61.11,97,92,14.18,AU,1628467533
239,Bukama,-9.2,25.85,70.83,30,1,1.72,CD,1628467534
240,Serrana,-21.2114,-47.5956,69.75,42,73,5.77,BR,1628467534
241,Paita,-5.0892,-81.1144,66.52,74,8,17.98,PE,1628467534
242,Bucerías,20.75,-105.3333,85.98,70,75,5.75,MX,1628467532
243,Fort Nelson,58.8053,-122.7002,73.89,47,72,2.73,CA,1628467535
244,Wanning,18.8003,110.3967,84.13,80,100,8.3,CN,1628467536
245,Arraial do Cabo,-22.9661,-42.0278,69.08,83,8,24.58,BR,1628467537
246,Auki,-8.7676,160.7034,84.18,65,29,1.68,SB,1628467459
247,Saint-Pierre,-21.3393,55.4781,68.29,69,0,4.61,RE,1628467537
248,Hays,30.0502,-98.0336,91.42,65,42,10.0,US,1628467410
249,Airai,-8.9266,125.4092,65.44,62,22,3.0,TL,1628467411
250,Baghdad,33.3406,44.4009,84.11,30,0,2.3,IQ,1628466886
251,Beringovskiy,63.05,179.3167,43.95,83,100,19.66,RU,1628467538
252,Bowen,-20.0167,148.2333,72.43,56,19,15.23,AU,1628467471
253,Flinders,-34.5833,150.8552,58.21,85,100,3.0,AU,1628467259
254,Korla,41.7597,86.1469,76.14,39,86,9.28,CN,1628467538
255,Tulum,20.2167,-87.4667,86.05,76,23,6.98,MX,1628467538
256,Chapais,49.7834,-74.8492,63.19,57,96,5.7,CA,1628467539
257,Port Hardy,50.6996,-127.4199,61.84,77,42,14.65,CA,1628467539
258,Laela,-8.5667,32.05,56.93,50,1,3.44,TZ,1628467539
259,Bredasdorp,-34.5322,20.0403,51.28,92,100,13.87,ZA,1628467540
260,Hofn,64.2539,-15.2082,55.89,75,13,2.48,IS,1628467386
261,Saryg-Sep,51.5,95.6,56.86,79,46,2.42,RU,1628467540
262,Bandarbeyla,9.4942,50.8122,76.55,82,65,26.55,SO,1628467540
263,Tombouctou,20.0,-3.0,96.98,22,9,17.67,ML,1628467540
264,Ushtobe,45.2514,77.9838,77.11,25,35,10.02,KZ,1628467117
265,Geraldton,-28.7667,114.6,59.41,94,40,12.66,AU,1628467541
266,Singaraja,-8.112,115.0882,79.7,78,59,2.46,ID,1628467541
267,Arman',59.7,150.1667,66.47,45,5,6.22,RU,1628467541
268,Tanabi,-20.6264,-49.6492,68.07,36,37,7.47,BR,1628467314
269,Vila Franca do Campo,37.7167,-25.4333,70.21,88,42,10.89,PT,1628467542
270,Santa Maria,-29.6842,-53.8069,66.24,73,0,5.53,BR,1628467319
271,Metro,-5.1131,105.3067,76.64,89,89,3.36,ID,1628467542
272,Qaanaaq,77.484,-69.3632,39.51,72,18,4.21,GL,1628467543
273,Akureyri,65.6835,-18.0878,59.5,82,97,1.83,IS,1628467466
274,Moose Factory,51.2585,-80.6094,71.47,60,2,5.55,CA,1628467543
275,Saldanha,-33.0117,17.9442,55.45,81,100,20.51,ZA,1628467543
276,Mogzon,51.7435,111.9606,55.85,86,22,3.58,RU,1628467544
277,Mbuji-Mayi,-6.15,23.6,73.45,40,21,1.81,CD,1628467492
278,La Sarre,48.8002,-79.1996,62.67,97,100,6.46,CA,1628467544
279,Srednekolymsk,67.45,153.6833,68.43,39,14,4.72,RU,1628467119
280,Dzhebariki-Khaya,62.2167,135.8,74.5,39,9,2.55,RU,1628467544
281,Avera,33.194,-82.5271,89.47,73,91,4.32,US,1628467545
282,São Miguel do Tapuio,-5.5036,-41.3233,83.79,35,40,8.84,BR,1628467545
283,Berlevåg,70.8578,29.0864,57.0,70,8,9.44,NO,1628467355
284,Matamoros,25.5333,-103.25,93.31,31,20,0.0,MX,1628467546
285,Urambo,-5.0667,32.05,73.83,35,75,6.15,TZ,1628467546
286,Provideniya,64.3833,-173.3,51.91,66,40,15.66,RU,1628467436
287,Hastings,50.8552,0.5729,62.2,89,83,17.18,GB,1628467346
288,Kenora,49.8167,-94.4337,81.82,45,4,7.54,CA,1628467339
289,Raudeberg,61.9875,5.1352,59.2,79,6,4.63,NO,1628467547
290,Yashkul',46.1711,45.3435,81.03,43,43,8.21,RU,1628467547
291,Tigil',57.8,158.6667,60.62,52,20,12.75,RU,1628467296
292,Ranong,9.9658,98.6348,79.97,88,81,7.02,TH,1628467547
293,Nago,26.5881,127.9761,82.83,82,25,8.34,JP,1628467548
294,Arlit,18.7369,7.3853,96.26,26,93,6.46,NE,1628467431
295,Olinda,-8.0089,-34.8553,75.33,83,43,11.52,BR,1628467548
296,Khāsh,28.2211,61.2158,77.41,15,2,2.86,IR,1628467548
297,Hurghada,27.2574,33.8129,89.2,29,0,12.91,EG,1628467549
298,Quatre Cocos,-20.2078,57.7625,67.08,92,93,18.66,MU,1628467466
299,Hamilton,39.1834,-84.5333,86.09,63,24,1.01,US,1628467333
300,Sloboda,51.1421,40.3021,80.89,22,100,12.24,RU,1628467549
301,Kristiansund,63.1115,7.732,59.65,82,75,2.3,NO,1628467122
302,Alappuzha,9.49,76.3264,77.49,88,97,6.98,IN,1628467550
303,Benguela,-12.5763,13.4055,71.6,85,77,4.16,AO,1628467550
304,Lüderitz,-26.6481,15.1594,54.27,86,70,7.27,NA,1628467447
305,Dul'durga,50.6761,113.5931,63.32,71,96,4.63,RU,1628467550
306,Sabnova,42.0762,48.248,83.48,48,49,4.63,RU,1628467122
307,Xiantao,30.3833,113.4,78.71,93,98,6.51,CN,1628467123
308,Ndélé,8.4109,20.6473,67.57,97,98,0.51,CF,1628467123
309,Amahai,-3.3333,128.9167,79.84,80,90,2.57,ID,1628467123
310,Phonhong,18.5007,102.4166,80.42,88,100,1.66,LA,1628467124
311,Farafangana,-22.8167,47.8333,64.02,94,33,7.07,MG,1628467124
312,Ambilobe,-13.2,49.05,69.19,86,96,1.54,MG,1628467124
313,Nadym,65.5333,72.5167,53.08,73,6,17.43,RU,1628467075
314,Daru,-9.0763,143.2092,76.06,90,100,16.6,PG,1628467125
315,Mehamn,71.0357,27.8492,58.08,66,10,7.94,NO,1628467125
316,Lubango,-14.9172,13.4925,57.52,39,25,3.56,AO,1628467125
317,Skjervøy,70.0311,20.9714,57.83,75,79,19.17,NO,1628467126
318,Obo,5.3998,26.4869,67.23,97,100,1.68,CF,1628467126
319,Acarí,-15.4311,-74.6158,62.71,83,53,5.61,PE,1628467126
320,Dauphin,51.1494,-100.0502,80.74,61,75,13.8,CA,1628467127
321,Taoudenni,22.6783,-3.9836,100.63,10,9,14.41,ML,1628467127
322,Severo-Yeniseyskiy,60.3725,93.0408,58.33,70,43,3.11,RU,1628467127
323,Puerto Quijarro,-17.7833,-57.7667,79.11,33,40,2.59,BO,1628467128
324,Santa Isabel Rio Negro,-0.4139,-65.0192,73.69,95,68,1.95,BR,1628467115
325,Brigg,53.552,-0.4921,57.94,89,15,11.5,GB,1628467128
326,Baykit,61.67,96.37,59.95,84,96,1.3,RU,1628467128
327,Bonfim,3.0833,-59.95,76.05,90,85,1.41,BR,1628467128
328,Erice,38.037,12.5865,73.87,57,54,12.17,IT,1628467129
329,Kumul,42.8,93.45,80.08,29,100,4.12,CN,1628466897
330,Wajima,37.4,136.9,81.28,94,75,16.11,JP,1628467129
331,Krasnoarmeysk,51.0239,45.6969,77.16,38,100,7.49,RU,1628467129
332,Alta Gracia,-31.6529,-64.4283,49.55,80,14,15.48,AR,1628467130
333,Henties Bay,-22.116,14.2845,51.85,93,47,6.4,NA,1628467130
334,Capim Grosso,-11.3811,-40.0128,67.08,78,32,9.75,BR,1628467130
335,Zhangjiakou,40.81,114.8794,69.08,76,1,3.42,CN,1628467131
336,Longyearbyen,78.2186,15.6401,40.84,93,75,6.91,SJ,1628467131
337,Poiana Stampei,47.3167,25.1333,61.79,65,40,1.72,RO,1628467131
338,Vostok,46.4856,135.8833,55.51,81,100,5.28,RU,1628467132
339,Qujing,25.4833,103.7833,66.16,93,100,0.58,CN,1628467132
340,Sanford,28.8006,-81.2731,83.25,86,97,5.79,US,1628467098
341,Bang Saphan,11.2126,99.5117,76.95,85,37,5.66,TH,1628467132
342,Kulhudhuffushi,6.6221,73.07,82.2,73,99,15.61,MV,1628467133
343,Southbridge,42.0751,-72.0334,76.01,85,97,3.4,US,1628467133
344,Imbituba,-28.24,-48.6703,64.29,92,0,11.43,BR,1628467133
345,Awasa,7.05,38.4667,60.3,94,100,1.9,ET,1628467134
346,Agadez,19.75,10.25,89.98,29,85,6.78,NE,1628467134
347,Margate,51.3813,1.3862,59.31,85,53,4.0,GB,1628467134
348,Bilma,18.6853,12.9164,92.98,30,34,4.99,NE,1628467134
349,San Patricio,28.017,-97.5169,91.49,61,31,18.16,US,1628467135
350,Zatoka,46.0725,30.4654,63.14,63,0,13.87,UA,1628467136
351,Valparaíso,-33.0393,-71.6273,53.24,82,20,3.44,CL,1628466917
352,Christchurch,-43.5333,172.6333,41.47,86,75,4.0,NZ,1628467049
353,Petawawa,45.9001,-77.3328,75.78,82,1,3.0,CA,1628467136
354,Nouadhibou,20.931,-17.0347,69.78,88,3,16.11,MR,1628467082
355,Mombetsu,44.3525,143.3525,66.13,85,100,14.56,JP,1628466915
356,Kasamwa,-2.85,32.4333,67.6,59,26,2.77,TZ,1628467137
357,Sarangani,5.4033,125.4636,81.93,67,99,2.86,PH,1628467137
358,Blyth,55.1271,-1.5086,59.47,91,20,9.22,GB,1628467138
359,Gizo Government Station,-8.103,156.8419,82.44,69,45,4.41,SB,1628467138
360,Ossora,59.2353,163.0719,60.44,55,80,19.06,RU,1628467138
361,Vestmanna,62.1564,-7.1664,47.32,100,90,2.3,FO,1628467138
362,Hendek,40.7994,30.7481,63.66,93,26,2.28,TR,1628467139
363,Karratha,-20.7377,116.8463,69.96,49,28,6.64,AU,1628467139
364,Suba,10.8438,121.0102,83.95,74,100,7.45,PH,1628467139
365,Camaná,-16.6228,-72.7111,59.63,87,92,10.92,PE,1628467140
366,Khani,41.9563,42.9566,63.97,91,68,4.85,GE,1628467140
367,Port Lincoln,-34.7333,135.8667,57.58,54,20,17.69,AU,1628467140
368,Ketchikan,55.3422,-131.6461,64.8,69,68,4.65,US,1628467140
369,Vieques,18.425,-65.8329,82.9,83,94,13.53,PR,1628467141
370,Ikalamavony,-21.15,46.5833,53.58,90,3,5.68,MG,1628467141
371,West Fargo,46.875,-96.9004,86.02,53,1,1.99,US,1628467142
372,Hasaki,35.7333,140.8333,88.2,80,70,24.47,JP,1628467142
373,Eydhafushi,5.1033,73.0708,82.99,71,96,14.34,MV,1628467142
374,Grindavik,63.8424,-22.4338,58.95,94,75,13.8,IS,1628467000
375,Champasak,14.75,106.0,76.73,98,89,2.06,LA,1628467143
376,Luanda,-8.8368,13.2343,70.72,86,10,6.73,AO,1628466856
377,La Crosse,43.8014,-91.2396,78.93,88,99,1.01,US,1628467143
378,Noumea,-22.2763,166.4572,71.58,53,71,12.06,NC,1628467143
379,Poum,-20.2333,164.0167,70.68,58,59,16.62,NC,1628467143
380,Porbandar,21.6422,69.6093,81.28,74,93,11.63,IN,1628467144
381,Hirara,24.8,125.2833,80.46,100,75,5.75,JP,1628467144
382,Paamiut,61.994,-49.6678,43.36,88,98,0.25,GL,1628467050
383,Malindi,-3.2175,40.1191,73.47,84,41,11.01,KE,1628466902
384,Mishawaka,41.662,-86.1586,83.12,73,31,1.99,US,1628466959
385,Hinatuan,8.3722,126.3342,73.62,96,100,4.34,PH,1628467145
386,Mount Gambier,-37.8333,140.7667,49.91,81,40,9.22,AU,1628466855
387,Richfield,44.8833,-93.283,78.98,79,90,1.01,US,1628467145
388,Hailar,49.2,119.7,64.69,85,100,8.16,CN,1628467145
389,Portland,45.5234,-122.6762,80.38,44,40,3.0,US,1628466733
390,Deputatsky,69.3,139.9,68.32,44,48,2.26,RU,1628467073
391,Agüimes,27.9054,-15.4461,68.67,73,20,20.71,ES,1628467092
392,Sorong,-0.8833,131.25,80.2,78,98,2.84,ID,1628467012
393,Nanortalik,60.1432,-45.2371,42.93,92,36,12.5,GL,1628467147
394,Mar del Plata,-38.0023,-57.5575,48.22,76,0,9.22,AR,1628466925
395,Half Moon Bay,37.4636,-122.4286,92.75,73,44,9.06,US,1628467053
396,Los Llanos de Aridane,28.6585,-17.9182,67.75,94,90,9.22,ES,1628467147
397,Kapoeta,4.7717,33.5903,70.79,89,100,5.99,SS,1628467147
398,Vila do Maio,15.1333,-23.2167,79.59,86,30,1.25,CV,1628467148
399,Kieta,-6.2167,155.6333,83.53,66,35,3.18,PG,1628467039
400,Alice Springs,-23.7,133.8833,51.35,35,0,0.0,AU,1628467148
401,Dhanera,24.5167,72.0167,82.72,70,99,12.35,IN,1628467149
402,Shelburne,44.0787,-80.2041,75.96,83,99,4.83,CA,1628467010
403,Puri,19.8,85.85,82.92,81,100,17.25,IN,1628467149
404,Colares,38.7992,-9.4469,64.44,75,0,17.78,PT,1628467149
405,Beausejour,50.0622,-96.5167,89.46,23,40,8.61,CA,1628467150
406,Chalchihuites,23.4833,-103.8833,75.29,38,25,10.27,MX,1628467150
407,Whitianga,-36.8333,175.7,50.02,58,70,10.74,NZ,1628467150
408,Mazatlán,23.2167,-106.4167,90.01,81,20,1.99,MX,1628467052
409,San Borja,-14.8167,-66.85,76.82,49,6,1.32,BO,1628467151
410,College,64.8569,-147.8028,66.58,75,90,6.91,US,1628467151
411,Sur,22.5667,59.5289,87.4,58,19,8.21,OM,1628467064
412,Prieska,-29.6641,22.7474,49.84,46,19,9.04,ZA,1628467152
413,Pokhara,28.2333,83.9833,72.09,90,93,1.34,NP,1628467152
414,Najrān,17.4924,44.1277,83.05,36,49,6.17,SA,1628467152
415,Ambon City,-3.6954,128.1814,77.14,100,40,3.44,ID,1628467060
416,Litovko,49.2361,135.1742,51.39,97,100,12.64,RU,1628467153
417,San Luis,-33.295,-66.3356,38.8,92,99,15.37,AR,1628467153
418,Northam,51.0333,-4.2167,59.67,96,95,9.62,GB,1628467154
419,Al Bardīyah,31.7561,25.0865,78.04,64,0,4.23,LY,1628467154
420,Salalah,17.0151,54.0924,76.12,91,91,6.11,OM,1628467154
421,Xiangfan,32.0422,112.1448,71.22,98,100,6.64,CN,1628467155
422,Maragogi,-9.0122,-35.2225,73.02,87,68,7.81,BR,1628467155
423,Nemuro,43.3236,145.575,57.63,88,100,25.3,JP,1628467155
424,Swan Hill,-35.3378,143.5544,56.44,55,16,4.25,AU,1628467156
425,Baghlan,36.1307,68.7083,80.62,20,0,4.05,AF,1628467156
426,Ankang,32.68,109.0172,74.14,94,99,0.22,CN,1628467156
427,Hornepayne,49.2138,-84.7705,61.92,98,100,5.39,CA,1628467157
428,Macon,39.8667,-88.9668,82.26,87,86,12.75,US,1628467157
429,Iganga,0.6092,33.4686,62.6,96,69,4.68,UG,1628467158
430,Ponta Delgada,37.7333,-25.6667,70.52,88,75,11.5,PT,1628467158
431,Kattivākkam,13.2167,80.3167,84.29,76,81,13.96,IN,1628467158
432,Springfield,37.2153,-93.2982,87.82,74,54,1.99,US,1628466915
433,Mukhen,48.1,136.1,56.57,93,100,3.65,RU,1628467159
434,Levin,-40.6333,175.275,47.97,73,63,13.56,NZ,1628467160
435,Dolores,-36.3132,-57.6792,41.77,95,100,15.55,AR,1628467160
436,Tshikapa,-6.4167,20.8,74.75,39,19,0.31,CD,1628467160
437,Santa Vitória do Palmar,-33.5189,-53.3681,57.36,95,90,10.04,BR,1628467161
438,Assiniboia,49.6334,-105.9845,75.11,30,55,17.27,CA,1628467161
439,Creel,27.75,-107.6333,67.06,67,92,4.47,MX,1628467161
440,Roald,62.5833,6.1333,60.33,74,36,3.94,NO,1628467040
441,Bakchar,57.0186,82.0711,58.8,94,84,3.53,RU,1628467162
442,Kaitangata,-46.2817,169.8464,43.09,75,90,10.42,NZ,1628467045
443,Vysokogornyy,50.1167,139.15,48.18,98,100,4.12,RU,1628467162
444,Vao,-22.6667,167.4833,66.65,70,37,20.29,NC,1628467162
445,Bougouni,11.417,-7.479,73.45,92,76,2.73,ML,1628467163
446,Ambovombe,-25.1667,46.0833,63.16,87,0,5.32,MG,1628467163
447,Miles City,46.4083,-105.8406,97.52,12,46,13.76,US,1628467163
448,Richards Bay,-28.783,32.0377,64.15,62,1,10.4,ZA,1628467164
449,Pacasmayo,-7.4006,-79.5714,63.66,82,5,15.77,PE,1628467164
450,Rawson,-43.3002,-65.1023,45.18,63,0,5.68,AR,1628466879
451,Chennai,13.0878,80.2785,84.18,74,20,8.05,IN,1628467164
452,Aksu,41.1231,80.2644,73.02,44,3,1.72,CN,1628467164
453,Kontagora,10.3999,5.4695,70.72,98,58,5.59,NG,1628467165
454,Manapparai,10.6,78.4167,79.66,77,92,6.06,IN,1628467165
455,Tautira,-17.7333,-149.15,84.22,76,29,9.66,PF,1628467165
456,Ust-Kuyga,70.0167,135.6,77.54,32,69,3.53,RU,1628467166
457,Jalu,29.0331,21.5482,84.09,40,0,9.28,LY,1628467166
458,Bacolod City,10.6667,122.95,77.95,84,97,4.18,PH,1628467166
459,Nālūt,30.3333,10.85,90.18,18,0,13.31,LY,1628466992
460,Huejuquilla el Alto,22.6,-103.8667,75.43,54,47,5.12,MX,1628467167
461,Calatayud,41.3535,-1.6432,68.58,75,0,4.18,ES,1628467167
462,Kashirskoye,51.4194,39.6125,79.02,23,100,11.77,RU,1628467167
463,Ikongo,-21.8833,47.4333,57.88,94,35,2.86,MG,1628467168
464,Kandi,11.1342,2.9386,73.44,95,99,5.99,BJ,1628467168
465,Khanbari,27.3747,87.2039,71.24,89,73,2.1,NP,1628467168
466,Sinnamary,5.3833,-52.95,79.43,83,84,12.01,GF,1628467168
467,Mookane,-23.688,26.6595,59.86,44,0,4.72,BW,1628467169
468,San Quintín,30.4833,-115.95,72.37,67,12,9.93,MX,1628467169
469,Sendhwa,21.6833,75.1,74.37,87,100,10.92,IN,1628467170
470,Quelimane,-17.8786,36.8883,64.35,94,0,3.44,MZ,1628467170
471,Ulaangom,49.9811,92.0667,62.53,63,97,1.88,MN,1628467170
472,Onega,63.9061,38.1404,53.15,97,100,8.77,RU,1628467171
473,Lingao,19.9103,109.6859,84.88,77,98,6.02,CN,1628467172
474,Slave Lake,55.2834,-114.769,62.58,63,1,11.5,CA,1628467172
475,Lagoa,39.05,-27.9833,71.44,87,9,18.5,PT,1628466965
476,Alyangula,-13.8483,136.4192,75.07,78,75,3.44,AU,1628467173
477,Mangit,40.5971,70.9607,78.08,23,0,1.61,UZ,1628467173
478,Tomra,62.5833,6.9333,60.17,77,38,2.89,NO,1628467173
479,Shamary,57.3434,58.2199,49.14,98,38,3.4,RU,1628467174
480,Byndoor,13.8667,74.6333,77.05,90,76,1.32,IN,1628467174
481,Port Macquarie,-31.4333,152.9167,53.56,62,100,5.37,AU,1628466934
482,Bongandanga,1.5,21.05,70.07,93,53,2.37,CD,1628467174
483,Lake Havasu City,34.4839,-114.3224,112.24,16,1,1.99,US,1628466970
484,Malé,4.1748,73.5089,84.15,79,75,16.11,MV,1628467175
485,Bintulu,3.1667,113.0333,75.61,94,40,2.3,MY,1628466984
486,Karakulino,56.012,53.7067,54.72,68,11,3.53,RU,1628467175
487,Puerto del Rosario,28.5004,-13.8627,71.35,73,1,14.97,ES,1628467175
488,Englewood,39.6478,-104.9878,94.41,21,15,1.99,US,1628466988
489,Pierre,44.3683,-100.351,94.86,32,0,3.0,US,1628467176
490,Pavlivka,49.4414,28.4596,63.88,68,9,3.06,UA,1628467176
491,Marawi,7.9986,124.2928,67.64,92,100,1.95,PH,1628466921
492,Faya,18.3851,42.4509,77.52,41,58,4.43,SA,1628467176
493,Puro,12.4841,123.3827,81.45,82,100,5.5,PH,1628467177
494,Faanui,-16.4833,-151.75,79.05,77,22,12.37,PF,1628467177
495,Nsawam,5.8089,-0.3503,77.05,90,98,8.08,GH,1628467177
496,Moengo,5.6167,-54.4,75.52,94,93,3.04,SR,1628467178
497,Road Town,18.4167,-64.6167,84.24,84,40,9.22,VG,1628467178
498,Peniche,39.3558,-9.3811,64.72,89,0,15.61,PT,1628467178
499,Azanka,58.0401,64.7893,58.1,98,77,6.6,RU,1628467179
500,Shimanovsk,52.0,127.7,55.0,84,100,5.32,RU,1628467179
501,Cabedelo,-6.9811,-34.8339,75.87,85,42,12.03,BR,1628467015
502,San Rafael,-34.6177,-68.3301,38.88,94,100,11.56,AR,1628467180
503,Torit,4.4133,32.5678,69.91,92,100,0.6,SS,1628467180
504,Omsukchan,62.5333,155.8,57.7,50,8,7.31,RU,1628467019
505,Iiyama,36.85,138.3667,79.84,71,93,6.24,JP,1628467180
506,Coquimbo,-29.9533,-71.3436,55.13,82,20,6.91,CL,1628467161
507,Simplício Mendes,-7.8539,-41.9103,73.17,33,0,6.22,BR,1628467181
508,Stabat,3.761,98.4513,79.0,96,98,1.59,ID,1628467181
509,Llandrindod Wells,52.2416,-3.3787,55.89,98,36,8.03,GB,1628467181
510,Hambantota,6.1241,81.1185,78.4,81,95,15.57,LK,1628466933
511,Yangi Marg`ilon,40.4272,71.7189,76.42,43,0,9.22,UZ,1628467182
512,Kokopo,-4.352,152.2633,82.85,66,60,4.52,PG,1628467182
513,Kitimat,54.0524,-128.6534,70.18,70,91,1.99,CA,1628467182
514,Ixtapa,20.7,-105.2,86.23,77,55,1.01,MX,1628467183
515,Guiratinga,-16.3494,-53.7583,73.22,35,32,4.34,BR,1628467183
516,Mamaku,-38.1,176.0833,44.19,44,96,8.41,NZ,1628467183
517,Querfurt,51.3833,11.6,57.33,86,42,8.7,DE,1628467183
518,Novy Urengoy,66.0833,76.6333,57.97,80,2,12.73,RU,1628467184
519,Chara,56.9064,118.2631,59.5,88,100,1.99,RU,1628467146
520,Teknāf,20.8624,92.3058,79.48,88,99,2.62,BD,1628467184
521,Ejido,8.5514,-71.2375,68.02,93,95,3.4,VE,1628467185
522,Fort Collins,40.5853,-105.0844,94.5,27,32,3.0,US,1628467051
523,Mayo,38.8876,-76.5119,84.9,76,3,1.99,US,1628467096
524,Wajir,1.7471,40.0573,73.62,62,35,15.48,KE,1628467185
525,Colquechaca,-18.6667,-66.0167,38.28,29,4,3.56,BO,1628467185
526,Samarai,-10.6167,150.6667,78.67,77,99,11.81,PG,1628467186
527,Sheltozero,61.3667,35.3667,60.53,96,100,4.07,RU,1628467186
528,Rome,43.2128,-75.4557,78.51,83,28,3.42,US,1628467017
529,Dryden,49.7833,-92.7503,75.49,60,1,6.91,CA,1628467003
530,Hīrāpur Hamesha,21.5333,79.7667,75.7,91,71,3.24,IN,1628467186
531,Sisimiut,66.9395,-53.6735,43.18,79,92,4.7,GL,1628467187
532,Bom Jesus,-9.0744,-44.3586,71.8,49,1,3.15,BR,1628467187
533,Eqbālīyeh,35.3022,51.5358,91.22,21,74,5.97,IR,1628467187
534,Sri Aman,1.2376,111.4621,71.65,94,100,5.75,MY,1628467188
535,Esperance,-33.8667,121.9,58.84,74,1,20.54,AU,1628467055
536,Labuhan,-6.8844,112.2051,78.67,84,40,7.7,ID,1628467188
537,Bam,29.106,58.357,85.3,13,2,9.98,IR,1628467189
538,Severnyy,50.677,36.5532,68.04,73,0,6.71,RU,1628467189
539,Novorzhev,57.0294,29.3338,60.73,95,79,6.85,RU,1628467189
540,Yar-Sale,66.8333,70.8333,52.18,64,100,15.39,RU,1628467189
541,La Ronge,55.1001,-105.2842,70.02,56,75,9.22,CA,1628467025
542,Tranås,58.0372,14.9782,57.97,98,45,5.55,SE,1628467190
543,Inhambane,-23.865,35.3833,64.35,70,0,6.55,MZ,1628466918
544,Ubari,26.5921,12.7805,89.62,14,0,12.1,LY,1628467190
545,Vila Velha,-20.3297,-40.2925,64.35,94,75,2.3,BR,1628467190
546,Fort Morgan,40.2503,-103.8,95.65,10,1,4.61,US,1628467191
547,Zwedru,6.0667,-8.1281,72.63,92,99,4.14,LR,1628467191
548,Tabuk,17.4189,121.4443,80.85,79,100,0.89,PH,1628467057
549,Panacan,9.2463,118.4082,83.32,78,100,6.24,PH,1628467192
550,Elko,41.0002,-115.5012,88.05,9,0,18.01,US,1628467192
551,São José da Coroa Grande,-8.8978,-35.1478,73.89,86,68,8.32,BR,1628467192
552,Troitskoye,52.9821,84.6757,63.19,70,82,5.08,RU,1628467193
553,Nānākuli,21.3906,-158.1547,85.03,57,14,13.53,US,1628467193
554,Rāmshīr,30.8946,49.4092,89.35,10,4,10.25,IR,1628467193
555,Camacha,33.0833,-16.3333,67.42,68,20,6.91,PT,1628467059
556,Ibimirim,-8.5406,-37.6903,67.08,77,18,10.13,BR,1628467194
557,Tres Picos,15.8667,-93.5333,81.77,84,94,4.23,MX,1628467194
558,Manokwari,-0.8667,134.0833,81.46,73,90,3.87,ID,1628466961
559,São João da Barra,-21.6403,-41.0511,69.28,81,20,13.09,BR,1628466930
560,Grand Forks,47.9417,-97.4337,85.68,26,12,17.36,US,1628467195
561,Iquitos,-3.7481,-73.2472,80.64,78,75,2.3,PE,1628467089
562,Grand-Santi,4.25,-54.3833,78.84,77,97,1.83,GF,1628467195
563,Xinyu,27.8043,114.9334,83.64,80,93,2.13,CN,1628466896
564,Weymouth,42.2209,-70.9398,76.89,87,74,1.99,US,1628466929
565,Kępno,51.2784,17.9891,62.31,77,100,5.77,PL,1628467195
566,Kapit,2.0167,112.9333,75.76,97,100,1.19,MY,1628466919
567,Mariehamn,60.0973,19.9348,60.66,94,0,6.91,AX,1628467196
568,Sola,-13.8833,167.55,75.87,88,90,0.0,VU,1628467196
569,Pasni,25.2631,63.471,79.38,81,97,5.79,PK,1628467196
570,Freeport,40.6576,-73.5832,72.77,94,90,12.66,US,1628467002
571,Fare,-16.7,-151.0167,79.47,74,11,12.55,PF,1628467197
572,Ñuñoa,-14.48,-70.6411,47.19,28,5,8.7,PE,1628467197
573,Virden,39.5009,-89.7679,73.22,84,90,20.49,US,1628467197
574,Klaksvík,62.2266,-6.589,49.12,94,95,5.86,FO,1628467198
575,Sangar,63.9242,127.4739,67.53,37,5,11.9,RU,1628467198
576,Plessisville,46.2186,-71.762,73.26,76,51,7.34,CA,1628467198
577,Tocache,-8.1842,-76.5125,77.27,63,35,1.61,PE,1628467199
578,Sulmona,42.0479,13.9291,74.48,56,38,5.84,IT,1628467199
579,Flin Flon,54.7682,-101.865,66.04,68,40,8.05,CA,1628467038
580,Guinguinéo,14.2667,-15.95,71.42,94,0,6.91,SN,1628467199
581,Camopi,3.1655,-52.3158,75.34,87,83,4.92,GF,1628467200
582,Vanderhoof,54.0166,-124.0198,79.05,33,3,5.91,CA,1628467200
583,Barranca,-10.75,-77.7667,62.29,81,45,11.36,PE,1628467201
584,Kloulklubed,7.0419,134.2556,82.9,73,100,10.65,PW,1628467201
585,Madera,37.1666,-119.8343,101.77,9,0,5.19,US,1628467133
586,Boende,-0.2167,20.8667,72.18,80,56,2.53,CD,1628467207
587,Yumen,40.2833,97.2,71.56,20,1,6.46,CN,1628466925
588,Edd,13.9297,41.6925,90.82,60,97,0.2,ER,1628467208
589,Maniitsoq,65.4167,-52.9,42.06,81,45,1.36,GL,1628467209
590,Iquique,-20.2208,-70.1431,58.57,77,18,5.08,CL,1628467209
591,Campo Verde,-20.4167,-54.0667,72.18,33,6,6.22,BR,1628467210
592,Tazovsky,67.4667,78.7,51.4,74,1,10.49,RU,1628467210
593,Surovikino,48.6078,42.8486,74.68,28,42,4.18,RU,1628467211
594,Hay River,60.8156,-115.7999,47.17,80,100,4.25,CA,1628467211
595,Kysyl-Syr,63.8986,122.7617,72.95,54,90,10.47,RU,1628467212
596,Tual,-5.6667,132.75,79.75,80,100,18.41,ID,1628467212
597,Kavaratti,10.5669,72.642,79.07,86,100,19.77,IN,1628467032
598,Kaeo,-35.1,173.7833,45.32,93,80,13.56,NZ,1628467140
599,Departamento de Maldonado,-34.6667,-54.9167,49.23,89,100,16.98,UY,1628467213
600,Charters Towers,-20.1,146.2667,69.53,54,0,14.5,AU,1628467213
601,Aljubarrota,39.5672,-8.9293,62.71,93,2,9.55,PT,1628467214
